quantizer,tensor_type,bitwidth,log2_t,frac,bounded_range,sqnr_db,clip_rate
features.0.0.weight_quantizer,weight,8,2.0,5,,36.48,0.0
features.0.0.bias_quantizer,weight,8,5.0,2,,40.98,0.0
features.0.0.act_quantizer,act,8,6.0,1,"(0.0, None)",,
features.1.conv.0.0.weight_quantizer,weight,8,1.0,6,,42.2,0.0
features.1.conv.0.0.bias_quantizer,weight,8,5.0,2,,34.96,0.0
features.1.conv.0.0.act_quantizer,act,8,7.0,0,"(0.0, None)",,
features.1.conv.1.weight_quantizer,weight,8,1.0,6,,35.91,0.0
features.1.conv.1.bias_quantizer,weight,8,4.0,3,,41.25,0.0
features.1.conv.1.act_quantizer,act,8,6.0,1,,,
features.2.conv.0.0.weight_quantizer,weight,8,1.0,6,,35.94,0.0
features.2.conv.0.0.bias_quantizer,weight,8,5.0,2,,37.18,0.0
features.2.conv.0.0.act_quantizer,act,8,6.0,1,"(0.0, None)",,
features.2.conv.1.0.weight_quantizer,weight,8,1.0,6,,39.5,0.0
features.2.conv.1.0.bias_quantizer,weight,8,7.0,0,,32.33,0.0
features.2.conv.1.0.act_quantizer,act,8,7.0,0,"(0.0, None)",,
features.2.conv.2.weight_quantizer,weight,8,1.0,6,,36.04,0.0
features.2.conv.2.bias_quantizer,weight,8,6.0,1,,38.18,0.0
features.2.conv.2.act_quantizer,act,8,7.0,0,,,
features.3.conv.0.0.weight_quantizer,weight,8,0.0,7,,38.96,0.0
features.3.conv.0.0.bias_quantizer,weight,8,6.0,1,,38.07,0.0
features.3.conv.0.0.act_quantizer,act,8,7.0,0,"(0.0, None)",,
features.3.conv.1.0.weight_quantizer,weight,8,1.0,6,,36.02,0.0
features.3.conv.1.0.bias_quantizer,weight,8,6.0,1,,34.78,0.0
features.3.conv.1.0.act_quantizer,act,8,6.0,1,"(0.0, None)",,
features.3.conv.2.weight_quantizer,weight,8,1.0,6,,34.36,0.0
features.3.conv.2.bias_quantizer,weight,8,5.0,2,,42.05,0.0
features.3.conv.2.act_quantizer,act,8,7.0,0,,,
features.4.conv.0.0.weight_quantizer,weight,8,0.0,7,,35.6,0.0
features.4.conv.0.0.bias_quantizer,weight,8,5.0,2,,36.61,0.0
features.4.conv.0.0.act_quantizer,act,8,7.0,0,"(0.0, None)",,
features.4.conv.1.0.weight_quantizer,weight,8,0.0,7,,41.52,0.0
features.4.conv.1.0.bias_quantizer,weight,8,5.0,2,,37.74,0.0
features.4.conv.1.0.act_quantizer,act,8,6.0,1,"(0.0, None)",,
features.4.conv.2.weight_quantizer,weight,8,0.0,7,,37.03,0.0
features.4.conv.2.bias_quantizer,weight,8,5.0,2,,42.78,0.0
features.4.conv.2.act_quantizer,act,8,7.0,0,,,
features.5.conv.0.0.weight_quantizer,weight,8,1.0,6,,31.17,0.0
features.5.conv.0.0.bias_quantizer,weight,8,6.0,1,,37.15,0.0
features.5.conv.0.0.act_quantizer,act,8,7.0,0,"(0.0, None)",,
features.5.conv.1.0.weight_quantizer,weight,8,1.0,6,,34.52,0.0
features.5.conv.1.0.bias_quantizer,weight,8,7.0,0,,29.07,0.0
features.5.conv.1.0.act_quantizer,act,8,6.0,1,"(0.0, None)",,
features.5.conv.2.weight_quantizer,weight,8,1.0,6,,31.96,0.0
features.5.conv.2.bias_quantizer,weight,8,5.0,2,,39.08,0.0
features.5.conv.2.act_quantizer,act,8,6.0,1,,,
features.6.conv.0.0.weight_quantizer,weight,8,0.0,7,,37.09,0.0
features.6.conv.0.0.bias_quantizer,weight,8,6.0,1,,35.66,0.0
features.6.conv.0.0.act_quantizer,act,8,7.0,0,"(0.0, None)",,
features.6.conv.1.0.weight_quantizer,weight,8,1.0,6,,34.91,0.0
features.6.conv.1.0.bias_quantizer,weight,8,6.0,1,,35.05,0.0
features.6.conv.1.0.act_quantizer,act,8,6.0,1,"(0.0, None)",,
features.6.conv.2.weight_quantizer,weight,8,1.0,6,,31.35,0.0
features.6.conv.2.bias_quantizer,weight,8,6.0,1,,36.11,0.0
features.6.conv.2.act_quantizer,act,8,7.0,0,,,
features.7.conv.0.0.weight_quantizer,weight,8,0.0,7,,34.19,0.0
features.7.conv.0.0.bias_quantizer,weight,8,5.0,2,,35.09,0.0
features.7.conv.0.0.act_quantizer,act,8,6.0,1,"(0.0, None)",,
features.7.conv.1.0.weight_quantizer,weight,8,0.0,7,,40.39,0.0
features.7.conv.1.0.bias_quantizer,weight,8,5.0,2,,41.0,0.0
features.7.conv.1.0.act_quantizer,act,8,6.0,1,"(0.0, None)",,
features.7.conv.2.weight_quantizer,weight,8,0.0,7,,35.05,0.0
features.7.conv.2.bias_quantizer,weight,8,5.0,2,,43.33,0.0
features.7.conv.2.act_quantizer,act,8,6.0,1,,,
features.8.conv.0.0.weight_quantizer,weight,8,0.0,7,,34.86,0.0
features.8.conv.0.0.bias_quantizer,weight,8,6.0,1,,35.19,0.0
features.8.conv.0.0.act_quantizer,act,8,7.0,0,"(0.0, None)",,
features.8.conv.1.0.weight_quantizer,weight,8,1.0,6,,32.97,0.0
features.8.conv.1.0.bias_quantizer,weight,8,6.0,1,,29.21,0.0
features.8.conv.1.0.act_quantizer,act,8,5.0,2,"(0.0, None)",,
features.8.conv.2.weight_quantizer,weight,8,1.0,6,,28.34,0.0
features.8.conv.2.bias_quantizer,weight,8,4.0,3,,40.31,0.0
features.8.conv.2.act_quantizer,act,8,6.0,1,,,
features.9.conv.0.0.weight_quantizer,weight,8,0.0,7,,34.99,0.0
features.9.conv.0.0.bias_quantizer,weight,8,5.0,2,,39.75,0.0
features.9.conv.0.0.act_quantizer,act,8,6.0,1,"(0.0, None)",,
features.9.conv.1.0.weight_quantizer,weight,8,0.0,7,,38.8,0.0
features.9.conv.1.0.bias_quantizer,weight,8,5.0,2,,35.03,0.0
features.9.conv.1.0.act_quantizer,act,8,5.0,2,"(0.0, None)",,
features.9.conv.2.weight_quantizer,weight,8,0.0,7,,35.41,0.0
features.9.conv.2.bias_quantizer,weight,8,4.0,3,,42.8,0.0
features.9.conv.2.act_quantizer,act,8,5.0,2,,,
features.10.conv.0.0.weight_quantizer,weight,8,0.0,7,,34.98,0.0
features.10.conv.0.0.bias_quantizer,weight,8,6.0,1,,34.38,0.0
features.10.conv.0.0.act_quantizer,act,8,7.0,0,"(0.0, None)",,
features.10.conv.1.0.weight_quantizer,weight,8,1.0,6,,33.01,0.0
features.10.conv.1.0.bias_quantizer,weight,8,8.0,-1,,24.35,0.0
features.10.conv.1.0.act_quantizer,act,8,7.0,0,"(0.0, None)",,
features.10.conv.2.weight_quantizer,weight,8,0.0,7,,35.39,0.0
features.10.conv.2.bias_quantizer,weight,8,4.0,3,,42.6,0.0
features.10.conv.2.act_quantizer,act,8,6.0,1,,,
features.11.conv.0.0.weight_quantizer,weight,8,0.0,7,,33.1,0.0
features.11.conv.0.0.bias_quantizer,weight,8,6.0,1,,29.86,0.0
features.11.conv.0.0.act_quantizer,act,8,6.0,1,"(0.0, None)",,
features.11.conv.1.0.weight_quantizer,weight,8,0.0,7,,36.51,0.0
features.11.conv.1.0.bias_quantizer,weight,8,5.0,2,,34.53,0.0
features.11.conv.1.0.act_quantizer,act,8,7.0,0,"(0.0, None)",,
features.11.conv.2.weight_quantizer,weight,8,0.0,7,,34.68,0.0
features.11.conv.2.bias_quantizer,weight,8,5.0,2,,39.62,0.0
features.11.conv.2.act_quantizer,act,8,6.0,1,,,
features.12.conv.0.0.weight_quantizer,weight,8,0.0,7,,34.62,0.0
features.12.conv.0.0.bias_quantizer,weight,8,5.0,2,,36.57,0.0
features.12.conv.0.0.act_quantizer,act,8,7.0,0,"(0.0, None)",,
features.12.conv.1.0.weight_quantizer,weight,8,0.0,7,,38.59,0.0
features.12.conv.1.0.bias_quantizer,weight,8,4.0,3,,38.3,0.0
features.12.conv.1.0.act_quantizer,act,8,7.0,0,"(0.0, None)",,
features.12.conv.2.weight_quantizer,weight,8,0.0,7,,34.72,0.0
features.12.conv.2.bias_quantizer,weight,8,4.0,3,,42.79,0.0
features.12.conv.2.act_quantizer,act,8,6.0,1,,,
features.13.conv.0.0.weight_quantizer,weight,8,0.0,7,,34.71,0.0
features.13.conv.0.0.bias_quantizer,weight,8,6.0,1,,32.3,0.0
features.13.conv.0.0.act_quantizer,act,8,7.0,0,"(0.0, None)",,
features.13.conv.1.0.weight_quantizer,weight,8,0.0,7,,39.07,0.0
features.13.conv.1.0.bias_quantizer,weight,8,5.0,2,,36.62,0.0
features.13.conv.1.0.act_quantizer,act,8,8.0,-1,"(0.0, None)",,
features.13.conv.2.weight_quantizer,weight,8,0.0,7,,35.34,0.0
features.13.conv.2.bias_quantizer,weight,8,5.0,2,,39.74,0.0
features.13.conv.2.act_quantizer,act,8,7.0,0,,,
features.14.conv.0.0.weight_quantizer,weight,8,-1.0,8,,37.51,0.0
features.14.conv.0.0.bias_quantizer,weight,8,7.0,0,,25.68,0.0
features.14.conv.0.0.act_quantizer,act,8,7.0,0,"(0.0, None)",,
features.14.conv.1.0.weight_quantizer,weight,8,-1.0,8,,44.15,0.0
features.14.conv.1.0.bias_quantizer,weight,8,6.0,1,,32.28,0.0
features.14.conv.1.0.act_quantizer,act,8,7.0,0,"(0.0, None)",,
features.14.conv.2.weight_quantizer,weight,8,-1.0,8,,38.93,0.0
features.14.conv.2.bias_quantizer,weight,8,5.0,2,,40.39,0.0
features.14.conv.2.act_quantizer,act,8,5.0,2,,,
features.15.conv.0.0.weight_quantizer,weight,8,0.0,7,,33.25,0.0
features.15.conv.0.0.bias_quantizer,weight,8,5.0,2,,37.34,0.0
features.15.conv.0.0.act_quantizer,act,8,8.0,-1,"(0.0, None)",,
features.15.conv.1.0.weight_quantizer,weight,8,0.0,7,,38.15,0.0
features.15.conv.1.0.bias_quantizer,weight,8,6.0,1,,30.79,0.0
features.15.conv.1.0.act_quantizer,act,8,7.0,0,"(0.0, None)",,
features.15.conv.2.weight_quantizer,weight,8,0.0,7,,33.29,0.0
features.15.conv.2.bias_quantizer,weight,8,4.0,3,,40.34,0.0
features.15.conv.2.act_quantizer,act,8,6.0,1,,,
features.16.conv.0.0.weight_quantizer,weight,8,1.0,6,,28.12,0.0
features.16.conv.0.0.bias_quantizer,weight,8,6.0,1,,34.91,0.0
features.16.conv.0.0.act_quantizer,act,8,7.0,0,"(0.0, None)",,
features.16.conv.1.0.weight_quantizer,weight,8,1.0,6,,33.94,0.0
features.16.conv.1.0.bias_quantizer,weight,8,6.0,1,,36.36,0.0
features.16.conv.1.0.act_quantizer,act,8,5.0,2,"(0.0, None)",,
features.16.conv.2.weight_quantizer,weight,8,1.0,6,,29.31,0.0
features.16.conv.2.bias_quantizer,weight,8,5.0,2,,40.22,0.0
features.16.conv.2.act_quantizer,act,8,5.0,2,,,
features.17.conv.0.0.weight_quantizer,weight,8,0.0,7,,30.51,0.0
features.17.conv.0.0.bias_quantizer,weight,8,5.0,2,,34.42,0.0
features.17.conv.0.0.act_quantizer,act,8,7.0,0,"(0.0, None)",,
features.17.conv.1.0.weight_quantizer,weight,8,0.0,7,,38.73,0.0
features.17.conv.1.0.bias_quantizer,weight,8,5.0,2,,34.18,0.0
features.17.conv.1.0.act_quantizer,act,8,5.0,2,"(0.0, None)",,
features.17.conv.2.weight_quantizer,weight,8,-1.0,8,,35.26,2e-05
features.17.conv.2.bias_quantizer,weight,8,4.0,3,,40.25,0.0
features.17.conv.2.act_quantizer,act,8,5.0,2,,,
features.18.0.weight_quantizer,weight,8,0.0,7,,31.49,0.0
features.18.0.bias_quantizer,weight,8,3.0,4,,48.68,0.0
features.18.0.act_quantizer,act,8,5.0,2,"(0.0, None)",,
classifier.1.weight_quantizer,weight,8,-1.0,8,,33.34,0.0
classifier.1.bias_quantizer,weight,8,-1.0,8,,35.52,0.0
classifier.1.act_quantizer,act,8,3.0,4,,,
add.quantizer,act,8,7.0,0,,,
add_1.quantizer,act,8,7.0,0,,,
add_2.quantizer,act,8,7.0,0,,,
add_3.quantizer,act,8,6.0,1,,,
add_4.quantizer,act,8,6.0,1,,,
add_5.quantizer,act,8,6.0,1,,,
add_6.quantizer,act,8,6.0,1,,,
add_7.quantizer,act,8,7.0,0,,,
add_8.quantizer,act,8,6.0,1,,,
add_9.quantizer,act,8,6.0,1,,,
adaptive_avg_pool2d.quantizer,act,8,4.0,3,,,
quant_stub.quantizer,act,8,2.0,5,,,
